BlockId,EventSequence
5b173917-a45b-45c4-8e89-bf5758194d46,"['8c79f90f', '8c79f90f', '8c79f90f', '8c79f90f', '8c79f90f', '8c79f90f', '8c79f90f', '8c79f90f', '8c79f90f', '8c79f90f', '8c79f90f', '8c79f90f', '8c79f90f', '8c79f90f', '8c79f90f', '8c79f90f', '8c79f90f', '8c79f90f', '8c79f90f', '8c79f90f', '8c79f90f', '8c79f90f', '8c79f90f', '8c79f90f', '8c79f90f', '8c79f90f', '8c79f90f', '8c79f90f', '8c79f90f', '8c79f90f', '8c79f90f', '8c79f90f', '8c79f90f', '8c79f90f', '8c79f90f', '8c79f90f', '8c79f90f', '8c79f90f']"
00001111-2222-3333-4444-555566667890,"['8c79f90f', '8c79f90f', '8c79f90f', '8c79f90f', '8c79f90f', '8c79f90f', '8c79f90f', '8c79f90f', '8c79f90f', '8c79f90f', '8c79f90f', '8c79f90f']"
4366eca1-5f1c-44ae-a497-8992b5d91b6b,"['8c79f90f', '8c79f90f', '8c79f90f', '8c79f90f', '8c79f90f', '8c79f90f', '8c79f90f', '8c79f90f', '8c79f90f', '8c79f90f', '8c79f90f', '8c79f90f', '8c79f90f', '8c79f90f', '8c79f90f', '8c79f90f', '8c79f90f', '8c79f90f', '8c79f90f', '8c79f90f', '8c79f90f', '8c79f90f', '8c79f90f', '8c79f90f', '8c79f90f', '8c79f90f', '8c79f90f', '8c79f90f', '8c79f90f', '8c79f90f', '8c79f90f', '8c79f90f', '8c79f90f']"
45358bdf-04f5-4231-ba22-6e2896760c09,"['8c79f90f', '8c79f90f', '8c79f90f', '8c79f90f', '8c79f90f', '8c79f90f', '8c79f90f', '8c79f90f', '8c79f90f', '8c79f90f', '8c79f90f']"
5b2ac51c-3875-41a5-948e-9897c919e611,"['8c79f90f', '8c79f90f', '8c79f90f', '8c79f90f', '8c79f90f', '8c79f90f', '8c79f90f', '8c79f90f', '8c79f90f', '8c79f90f', '8c79f90f', '8c79f90f', '8c79f90f', '8c79f90f', '8c79f90f', '8c79f90f', '8c79f90f', '8c79f90f', '8c79f90f', '8c79f90f', '8c79f90f', '8c79f90f', '8c79f90f', '8c79f90f', '8c79f90f', '8c79f90f', '8c79f90f', '8c79f90f', '8c79f90f', '8c79f90f', '8c79f90f', '8c79f90f', '8c79f90f', '8c79f90f', '8c79f90f', '8c79f90f', '8c79f90f', '8c79f90f', '8c79f90f', '8c79f90f', '8c79f90f', '8c79f90f', '8c79f90f', '8c79f90f', '8c79f90f', '8c79f90f', '8c79f90f', '8c79f90f', '8c79f90f', '8c79f90f', '8c79f90f', '8c79f90f', '8c79f90f', '8c79f90f', '8c79f90f', '8c79f90f', '8c79f90f', '8c79f90f', '8c79f90f', '8c79f90f', '8c79f90f', '8c79f90f', '8c79f90f', '8c79f90f', '8c79f90f', '8c79f90f', '8c79f90f', '8c79f90f', '8c79f90f', '8c79f90f', '8c79f90f', '8c79f90f', '8c79f90f', '8c79f90f', '8c79f90f', '8c79f90f', '8c79f90f', '8c79f90f', '8c79f90f', '8c79f90f', '8c79f90f', '8c79f90f', '8c79f90f', '8c79f90f', '8c79f90f', '8c79f90f', '8c79f90f', '8c79f90f', '8c79f90f', '8c79f90f', '8c79f90f', '8c79f90f', '8c79f90f', '8c79f90f', '8c79f90f', '8c79f90f', '8c79f90f', '8c79f90f', '8c79f90f', '8c79f90f', '8c79f90f', '8c79f90f', '8c79f90f', '8c79f90f', '8c79f90f', '8c79f90f', '8c79f90f', '8c79f90f', '8c79f90f', '8c79f90f', '8c79f90f', '8c79f90f', '8c79f90f', '8c79f90f', '8c79f90f', '8c79f90f', '8c79f90f', '8c79f90f', '8c79f90f', '8c79f90f', '8c79f90f', '8c79f90f', '8c79f90f', '8c79f90f', '8c79f90f', '8c79f90f', '8c79f90f', '8c79f90f', '8c79f90f', '8c79f90f', '8c79f90f', '8c79f90f', '8c79f90f', '8c79f90f', '8c79f90f', '8c79f90f', '8c79f90f', '8c79f90f', '8c79f90f', '8c79f90f', '8c79f90f', '8c79f90f', '8c79f90f', '8c79f90f', '8c79f90f', '8c79f90f', '8c79f90f', '8c79f90f', '8c79f90f', '8c79f90f', '8c79f90f', '8c79f90f', '8c79f90f', '8c79f90f', '8c79f90f', '8c79f90f', '8c79f90f', '8c79f90f', '8c79f90f', '8c79f90f', '8c79f90f', '8c79f90f', '8c79f90f', '8c79f90f', '8c79f90f', '8c79f90f', '8c79f90f', '8c79f90f', '8c79f90f', '8c79f90f', '8c79f90f', '8c79f90f', '8c79f90f', '8c79f90f', '8c79f90f', '8c79f90f', '8c79f90f', '8c79f90f', '8c79f90f', '8c79f90f', '8c79f90f', '8c79f90f', '8c79f90f', '8c79f90f', '8c79f90f', '8c79f90f', '8c79f90f', '8c79f90f', '8c79f90f', '8c79f90f', '8c79f90f', '8c79f90f', '8c79f90f', '8c79f90f', '8c79f90f', '8c79f90f', '8c79f90f', '8c79f90f', '8c79f90f', '8c79f90f', '8c79f90f', '8c79f90f', '8c79f90f', '8c79f90f', '8c79f90f', '8c79f90f', '8c79f90f', '8c79f90f', '8c79f90f', '8c79f90f', '8c79f90f', '8c79f90f', '8c79f90f', '8c79f90f', '8c79f90f', '8c79f90f', '8c79f90f', '8c79f90f', '8c79f90f', '8c79f90f', '8c79f90f', '8c79f90f', '8c79f90f', '8c79f90f', '8c79f90f']"
a625d351-ee43-4269-9bd9-28325a20cd78,"['8c79f90f', '8c79f90f', '8c79f90f', '8c79f90f', '8c79f90f', '8c79f90f', '8c79f90f', '8c79f90f', '8c79f90f', '8c79f90f', '8c79f90f', '8c79f90f', '8c79f90f', '8c79f90f', '8c79f90f', '8c79f90f', '8c79f90f', '8c79f90f', '8c79f90f', '8c79f90f', '8c79f90f', '8c79f90f']"
3e36bf6a-a78d-4609-ad46-c275ee57d08d,"['8c79f90f', '8c79f90f', '8c79f90f', '8c79f90f', '8c79f90f', '8c79f90f', '8c79f90f', '8c79f90f', '8c79f90f', '8c79f90f', '8c79f90f', '8c79f90f', '8c79f90f', '8c79f90f', '8c79f90f', '8c79f90f', '8c79f90f', '8c79f90f', '8c79f90f', '8c79f90f']"
fefb1cfc-fb5a-4373-ad74-abd96de82bba,"['8c79f90f', '8c79f90f', '8c79f90f', '8c79f90f', '8c79f90f', '8c79f90f', '8c79f90f', '8c79f90f', '8c79f90f', '8c79f90f', '8c79f90f', '8c79f90f', '8c79f90f', '8c79f90f', '8c79f90f', '8c79f90f', '8c79f90f', '8c79f90f', '8c79f90f', '8c79f90f']"
954f3d28-554b-4496-b00e-93c2d635c278,"['8c79f90f', '8c79f90f', '8c79f90f', '8c79f90f', '8c79f90f', '8c79f90f', '8c79f90f', '8c79f90f', '8c79f90f', '8c79f90f', '8c79f90f', '8c79f90f', '8c79f90f', '8c79f90f', '8c79f90f', '8c79f90f', '8c79f90f', '8c79f90f', '8c79f90f', '8c79f90f']"
7a539640-3243-4d1f-b7a4-7772944820b4,"['8c79f90f', '8c79f90f', '8c79f90f', '8c79f90f', '8c79f90f', '8c79f90f', '8c79f90f', '8c79f90f', '8c79f90f', '8c79f90f', '8c79f90f', '8c79f90f', '8c79f90f', '8c79f90f', '8c79f90f', '8c79f90f', '8c79f90f', '8c79f90f', '8c79f90f', '8c79f90f']"
21cd650f-fbb6-471a-a70f-00d3364de4c3,"['8c79f90f', '8c79f90f', '8c79f90f', '8c79f90f', '8c79f90f']"
ac6b6fb9-03f8-45b0-a613-bf2b7131d14d,"['8c79f90f', '8c79f90f', '8c79f90f', '8c79f90f', '8c79f90f', '8c79f90f', '8c79f90f', '8c79f90f', '8c79f90f', '8c79f90f', '8c79f90f', '8c79f90f', '8c79f90f', '8c79f90f', '8c79f90f', '8c79f90f', '8c79f90f', '8c79f90f', '8c79f90f', '8c79f90f', '8c79f90f', '8c79f90f']"
fea8f503-7d64-476a-afc1-f4b2472cf5c6,"['8c79f90f', '8c79f90f', '8c79f90f', '8c79f90f', '8c79f90f', '8c79f90f', '8c79f90f']"
ba3d119e-38ee-4c9d-aa51-aaf5d3feb3ef,"['8c79f90f', '8c79f90f', '8c79f90f', '8c79f90f', '8c79f90f']"
51651de0-6bc0-4ac3-8741-bc5e61dffc87,"['8c79f90f', '8c79f90f', '8c79f90f', '8c79f90f', '8c79f90f', '8c79f90f', '8c79f90f', '8c79f90f', '8c79f90f', '8c79f90f', '8c79f90f', '8c79f90f', '8c79f90f', '8c79f90f', '8c79f90f', '8c79f90f', '8c79f90f', '8c79f90f', '8c79f90f']"
da20b066-d4f3-4ce7-81f1-68983f2492b0,"['8c79f90f', '8c79f90f', '8c79f90f', '8c79f90f', '8c79f90f', '8c79f90f', '8c79f90f']"
09423fe9-b1c3-47bf-8ddd-c1ea4bc49ed2,"['8c79f90f', '8c79f90f', '8c79f90f', '8c79f90f']"
c09c548a-7954-4c40-bf38-eb9ae8931ad1,"['8c79f90f', '8c79f90f', '8c79f90f', '8c79f90f', '8c79f90f', '8c79f90f', '8c79f90f', '8c79f90f', '8c79f90f', '8c79f90f', '8c79f90f', '8c79f90f', '8c79f90f', '8c79f90f', '8c79f90f', '8c79f90f', '8c79f90f', '8c79f90f', '8c79f90f', '8c79f90f']"
7da680e7-31c2-4ca6-b7b6-b96605c9fecf,"['8c79f90f', '8c79f90f', '8c79f90f', '8c79f90f', '8c79f90f', '8c79f90f', '8c79f90f']"
682601e4-900f-4caa-8982-e7999d34b78f,"['8c79f90f', '8c79f90f', '8c79f90f', '8c79f90f', '8c79f90f']"
3ad94232-3824-46c3-a066-1f2f3c65a922,"['8c79f90f', '8c79f90f', '8c79f90f', '8c79f90f', '8c79f90f', '8c79f90f', '8c79f90f', '8c79f90f', '8c79f90f', '8c79f90f', '8c79f90f', '8c79f90f', '8c79f90f', '8c79f90f', '8c79f90f', '8c79f90f', '8c79f90f', '8c79f90f', '8c79f90f']"
a3db3599-989f-421e-8a0c-8c5a1fa3eaa0,"['8c79f90f', '8c79f90f', '8c79f90f', '8c79f90f', '8c79f90f', '8c79f90f', '8c79f90f']"
9e12a68f-017f-4942-bc4b-0d59b2dd2277,"['8c79f90f', '8c79f90f', '8c79f90f', '8c79f90f']"
d76bafe7-aa41-4b03-a694-b0a86888d934,"['8c79f90f', '8c79f90f', '8c79f90f', '8c79f90f', '8c79f90f', '8c79f90f', '8c79f90f']"
43924177-14d5-4cb6-89b5-12981137c4d2,"['8c79f90f', '8c79f90f', '8c79f90f', '8c79f90f', '8c79f90f', '8c79f90f', '8c79f90f', '8c79f90f', '8c79f90f', '8c79f90f', '8c79f90f', '8c79f90f', '8c79f90f', '8c79f90f', '8c79f90f', '8c79f90f', '8c79f90f', '8c79f90f', '8c79f90f', '8c79f90f', '8c79f90f', '8c79f90f', '8c79f90f']"
85c21709-0712-4d12-8552-9c8bb9cfe2d6,"['8c79f90f', '8c79f90f', '8c79f90f', '8c79f90f', '8c79f90f', '8c79f90f', '8c79f90f']"
ed976328-be72-4c63-af6e-74cbb3f406dd,"['8c79f90f', '8c79f90f', '8c79f90f', '8c79f90f', '8c79f90f', '8c79f90f', '8c79f90f', '8c79f90f']"
8aa639e2-9972-4858-99b8-0321b69483da,"['8c79f90f', '8c79f90f', '8c79f90f', '8c79f90f', '8c79f90f', '8c79f90f', '8c79f90f', '8c79f90f', '8c79f90f', '8c79f90f', '8c79f90f', '8c79f90f', '8c79f90f', '8c79f90f', '8c79f90f', '8c79f90f', '8c79f90f', '8c79f90f', '8c79f90f', '8c79f90f', '8c79f90f', '8c79f90f', '8c79f90f']"
62514b76-2307-4c5a-8383-35500cdf2a61,"['8c79f90f', '8c79f90f', '8c79f90f', '8c79f90f', '8c79f90f', '8c79f90f', '8c79f90f', '8c79f90f']"
e9345a66-98c9-4121-ae97-8d5f97752ef2,"['8c79f90f', '8c79f90f', '8c79f90f', '8c79f90f', '8c79f90f', '8c79f90f', '8c79f90f']"
aa6562ba-8ecf-4d0e-8e2f-57e3dbf44818,"['8c79f90f', '8c79f90f', '8c79f90f', '8c79f90f', '8c79f90f', '8c79f90f', '8c79f90f']"
62917c99-2d0b-4031-b3c8-33d34778e518,"['8c79f90f', '8c79f90f', '8c79f90f', '8c79f90f', '8c79f90f', '8c79f90f', '8c79f90f', '8c79f90f', '8c79f90f', '8c79f90f', '8c79f90f', '8c79f90f', '8c79f90f', '8c79f90f', '8c79f90f', '8c79f90f', '8c79f90f', '8c79f90f', '8c79f90f', '8c79f90f']"
d73ca1ca-bda2-4931-a8a6-169e9bc7dd61,"['8c79f90f', '8c79f90f', '8c79f90f', '8c79f90f', '8c79f90f', '8c79f90f', '8c79f90f', '8c79f90f', '8c79f90f', '8c79f90f', '8c79f90f', '8c79f90f', '8c79f90f', '8c79f90f', '8c79f90f', '8c79f90f', '8c79f90f', '8c79f90f', '8c79f90f', '8c79f90f']"
84256f79-2b99-42ec-9ad9-5ebcc0dad3b2,"['8c79f90f', '8c79f90f', '8c79f90f', '8c79f90f', '8c79f90f', '8c79f90f', '8c79f90f', '8c79f90f', '8c79f90f', '8c79f90f', '8c79f90f', '8c79f90f', '8c79f90f', '8c79f90f', '8c79f90f', '8c79f90f', '8c79f90f', '8c79f90f', '8c79f90f', '8c79f90f']"
a586bf48-dc8e-44cd-99d5-2ffcf79d8739,"['8c79f90f', '8c79f90f', '8c79f90f', '8c79f90f', '8c79f90f', '8c79f90f', '8c79f90f', '8c79f90f', '8c79f90f', '8c79f90f', '8c79f90f', '8c79f90f', '8c79f90f', '8c79f90f', '8c79f90f', '8c79f90f', '8c79f90f', '8c79f90f', '8c79f90f', '8c79f90f']"
ac7ed4b6-b018-490c-89a5-8e04ae4642d2,"['8c79f90f', '8c79f90f', '8c79f90f', '8c79f90f']"
65481544-b2af-4a77-a49e-e06ca15e8e2c,"['8c79f90f', '8c79f90f', '8c79f90f', '8c79f90f', '8c79f90f', '8c79f90f', '8c79f90f', '8c79f90f', '8c79f90f', '8c79f90f', '8c79f90f', '8c79f90f', '8c79f90f', '8c79f90f', '8c79f90f', '8c79f90f', '8c79f90f', '8c79f90f', '8c79f90f', '8c79f90f', '8c79f90f', '8c79f90f']"
15591db1-d00d-41b8-b225-d716be45be34,"['8c79f90f', '8c79f90f', '8c79f90f', '8c79f90f', '8c79f90f', '8c79f90f', '8c79f90f']"
6b6332e0-1a4a-4395-9101-2000a98ec40f,"['8c79f90f', '8c79f90f', '8c79f90f', '8c79f90f', '8c79f90f']"
924666bb-e8d0-4141-96c6-7524d1020823,"['8c79f90f', '8c79f90f', '8c79f90f', '8c79f90f', '8c79f90f', '8c79f90f', '8c79f90f', '8c79f90f', '8c79f90f', '8c79f90f', '8c79f90f', '8c79f90f', '8c79f90f', '8c79f90f', '8c79f90f', '8c79f90f', '8c79f90f', '8c79f90f', '8c79f90f']"
2270e5aa-ee11-45de-b204-58d02e142710,"['8c79f90f', '8c79f90f', '8c79f90f', '8c79f90f', '8c79f90f', '8c79f90f', '8c79f90f']"
bd3d1583-bd3e-4ccc-a3c4-957b6e3a8ca6,"['8c79f90f', '8c79f90f', '8c79f90f', '8c79f90f']"
b9dacfba-b9f5-4220-956f-5252171ff15c,"['8c79f90f', '8c79f90f']"
d6f927a0-1c80-4c08-9c8e-1a885a9e098c,"['8c79f90f', '8c79f90f', '8c79f90f', '8c79f90f', '8c79f90f', '8c79f90f', '8c79f90f', '8c79f90f', '8c79f90f', '8c79f90f', '8c79f90f', '8c79f90f', '8c79f90f', '8c79f90f', '8c79f90f', '8c79f90f', '8c79f90f', '8c79f90f', '8c79f90f', '8c79f90f']"
9e844846-82c5-4849-8265-7cad80bbfd7b,"['8c79f90f', '8c79f90f', '8c79f90f', '8c79f90f', '8c79f90f', '8c79f90f', '8c79f90f', '8c79f90f', '8c79f90f', '8c79f90f', '8c79f90f', '8c79f90f', '8c79f90f', '8c79f90f', '8c79f90f', '8c79f90f', '8c79f90f', '8c79f90f', '8c79f90f', '8c79f90f']"
6d91810d-aa41-4727-913d-66aee328444f,"['8c79f90f', '8c79f90f', '8c79f90f', '8c79f90f', '8c79f90f', '8c79f90f', '8c79f90f', '8c79f90f', '8c79f90f', '8c79f90f', '8c79f90f', '8c79f90f', '8c79f90f', '8c79f90f', '8c79f90f', '8c79f90f', '8c79f90f', '8c79f90f', '8c79f90f', '8c79f90f']"
9809c917-bf57-4d5e-96bd-4b1ef784f957,"['8c79f90f', '8c79f90f', '8c79f90f', '8c79f90f', '8c79f90f', '8c79f90f', '8c79f90f', '8c79f90f', '8c79f90f', '8c79f90f', '8c79f90f', '8c79f90f', '8c79f90f', '8c79f90f', '8c79f90f', '8c79f90f', '8c79f90f', '8c79f90f', '8c79f90f', '8c79f90f']"
b56db6a6-2292-4a7f-a5b4-417fbe6d8412,"['8c79f90f', '8c79f90f', '8c79f90f', '8c79f90f']"
f0dc30da-b2f9-4dae-ad08-9206073bf18a,"['8c79f90f', '8c79f90f', '8c79f90f', '8c79f90f', '8c79f90f', '8c79f90f', '8c79f90f', '8c79f90f', '8c79f90f', '8c79f90f', '8c79f90f', '8c79f90f', '8c79f90f', '8c79f90f', '8c79f90f', '8c79f90f', '8c79f90f', '8c79f90f', '8c79f90f', '8c79f90f', '8c79f90f', '8c79f90f', '8c79f90f', '8c79f90f', '8c79f90f', '8c79f90f', '8c79f90f', '8c79f90f', '8c79f90f', '8c79f90f', '8c79f90f', '8c79f90f']"
629bb8ef-7f95-4c2f-bb21-a99c53eec47b,"['8c79f90f', '8c79f90f', '8c79f90f', '8c79f90f', '8c79f90f', '8c79f90f', '8c79f90f']"
9bb2757d-7960-4bf1-92a5-e202ebec8146,"['8c79f90f', '8c79f90f', '8c79f90f', '8c79f90f', '8c79f90f', '8c79f90f', '8c79f90f', '8c79f90f', '8c79f90f', '8c79f90f']"
0608fd3a-9089-48bf-8a4b-327c9fe5b37e,"['8c79f90f', '8c79f90f', '8c79f90f', '8c79f90f', '8c79f90f', '8c79f90f', '8c79f90f', '8c79f90f', '8c79f90f', '8c79f90f', '8c79f90f', '8c79f90f', '8c79f90f', '8c79f90f', '8c79f90f', '8c79f90f', '8c79f90f', '8c79f90f', '8c79f90f', '8c79f90f', '8c79f90f', '8c79f90f', '8c79f90f', '8c79f90f', '8c79f90f', '8c79f90f', '8c79f90f', '8c79f90f', '8c79f90f', '8c79f90f', '8c79f90f', '8c79f90f']"
7420e20a-273e-42ef-b8e2-b5ce3df07ae1,"['8c79f90f', '8c79f90f', '8c79f90f', '8c79f90f', '8c79f90f', '8c79f90f', '8c79f90f', '8c79f90f', '8c79f90f', '8c79f90f']"
3478823a-1e4e-43b1-916a-53baa983fc69,"['8c79f90f', '8c79f90f', '8c79f90f', '8c79f90f', '8c79f90f', '8c79f90f', '8c79f90f']"
bebf8032-df28-4b05-827b-ce613ab14175,"['8c79f90f', '8c79f90f']"
c40046fd-efd6-4ec3-a2c3-d2104482051e,"['8c79f90f', '8c79f90f']"
c1ff9fbb-cc3a-47b3-8884-28665dd8f038,"['8c79f90f', '8c79f90f', '8c79f90f', '8c79f90f', '8c79f90f', '8c79f90f', '8c79f90f', '8c79f90f', '8c79f90f', '8c79f90f', '8c79f90f', '8c79f90f', '8c79f90f', '8c79f90f', '8c79f90f', '8c79f90f', '8c79f90f', '8c79f90f']"
f777676a-3e88-4223-9591-d30d10001a55,"['8c79f90f', '8c79f90f', '8c79f90f', '8c79f90f', '8c79f90f', '8c79f90f', '8c79f90f', '8c79f90f', '8c79f90f', '8c79f90f', '8c79f90f', '8c79f90f', '8c79f90f', '8c79f90f', '8c79f90f', '8c79f90f', '8c79f90f', '8c79f90f']"
a5f76781-9382-4e74-8593-76a5d26a8cfb,"['8c79f90f', '8c79f90f', '8c79f90f', '8c79f90f', '8c79f90f', '8c79f90f', '8c79f90f', '8c79f90f', '8c79f90f', '8c79f90f', '8c79f90f', '8c79f90f', '8c79f90f', '8c79f90f', '8c79f90f', '8c79f90f', '8c79f90f', '8c79f90f']"
2857cb38-02ec-4195-8829-4a083c262d2f,"['8c79f90f', '8c79f90f', '8c79f90f', '8c79f90f', '8c79f90f', '8c79f90f', '8c79f90f', '8c79f90f', '8c79f90f', '8c79f90f', '8c79f90f', '8c79f90f', '8c79f90f', '8c79f90f', '8c79f90f', '8c79f90f', '8c79f90f', '8c79f90f']"
5b9c73d9-f330-430d-9a51-3f12370f9e73,"['8c79f90f', '8c79f90f', '8c79f90f']"
d7892833-e801-4dd1-8d5a-d217a310f647,"['8c79f90f', '8c79f90f', '8c79f90f', '8c79f90f', '8c79f90f', '8c79f90f', '8c79f90f', '8c79f90f', '8c79f90f', '8c79f90f', '8c79f90f', '8c79f90f', '8c79f90f', '8c79f90f', '8c79f90f', '8c79f90f', '8c79f90f', '8c79f90f', '8c79f90f', '8c79f90f', '8c79f90f', '8c79f90f', '8c79f90f', '8c79f90f', '8c79f90f', '8c79f90f', '8c79f90f', '8c79f90f']"
42f7853c-62c8-44bc-834f-a5f123392673,"['8c79f90f', '8c79f90f', '8c79f90f', '8c79f90f', '8c79f90f', '8c79f90f', '8c79f90f', '8c79f90f', '8c79f90f']"
7d122b7f-4549-4802-ab58-b2528167919e,"['8c79f90f', '8c79f90f', '8c79f90f', '8c79f90f', '8c79f90f', '8c79f90f', '8c79f90f']"
1d56b1fe-eb76-4942-b232-b1bba0fe265a,"['8c79f90f', '8c79f90f', '8c79f90f', '8c79f90f', '8c79f90f', '8c79f90f', '8c79f90f', '8c79f90f', '8c79f90f', '8c79f90f', '8c79f90f', '8c79f90f', '8c79f90f', '8c79f90f', '8c79f90f', '8c79f90f', '8c79f90f', '8c79f90f', '8c79f90f', '8c79f90f', '8c79f90f', '8c79f90f', '8c79f90f', '8c79f90f', '8c79f90f', '8c79f90f', '8c79f90f']"
398b63b4-ebbe-439a-b9e6-f4fe15785819,"['8c79f90f', '8c79f90f', '8c79f90f', '8c79f90f', '8c79f90f', '8c79f90f', '8c79f90f', '8c79f90f']"
242a2a46-f347-4945-9a53-3c552ddf79a2,"['8c79f90f', '8c79f90f', '8c79f90f', '8c79f90f', '8c79f90f', '8c79f90f', '8c79f90f']"
de14ad55-b547-44fc-ba99-9d2387c4fb23,"['8c79f90f', '8c79f90f']"
60f70f8b-7529-496d-9d6b-37ad280e6296,"['8c79f90f', '8c79f90f', '8c79f90f', '8c79f90f', '8c79f90f', '8c79f90f', '8c79f90f']"
42823693-b19f-45f2-9fbb-8351b5f53b36,"['8c79f90f', '8c79f90f', '8c79f90f', '8c79f90f', '8c79f90f', '8c79f90f', '8c79f90f', '8c79f90f', '8c79f90f', '8c79f90f', '8c79f90f', '8c79f90f', '8c79f90f', '8c79f90f', '8c79f90f', '8c79f90f', '8c79f90f', '8c79f90f', '8c79f90f', '8c79f90f', '8c79f90f', '8c79f90f', '8c79f90f']"
70af4951-1739-4c20-9fb0-d05b204cc108,"['8c79f90f', '8c79f90f', '8c79f90f', '8c79f90f', '8c79f90f', '8c79f90f', '8c79f90f']"
f7eb3c17-26d5-4591-89f2-9d213a7496f4,"['8c79f90f', '8c79f90f', '8c79f90f', '8c79f90f', '8c79f90f', '8c79f90f', '8c79f90f', '8c79f90f']"
ff6a770d-b1a4-4c87-b84f-569ac2855cb9,"['8c79f90f', '8c79f90f', '8c79f90f', '8c79f90f', '8c79f90f', '8c79f90f', '8c79f90f', '8c79f90f', '8c79f90f', '8c79f90f', '8c79f90f', '8c79f90f', '8c79f90f', '8c79f90f', '8c79f90f', '8c79f90f', '8c79f90f', '8c79f90f', '8c79f90f', '8c79f90f', '8c79f90f', '8c79f90f', '8c79f90f']"
b94289fb-1163-41cd-9e4a-5c7ee8ddf36d,"['8c79f90f', '8c79f90f', '8c79f90f', '8c79f90f', '8c79f90f', '8c79f90f', '8c79f90f']"
883b499f-e036-4229-8052-3268944c0b24,"['8c79f90f', '8c79f90f', '8c79f90f', '8c79f90f', '8c79f90f', '8c79f90f', '8c79f90f', '8c79f90f']"
dd70adab-c5ec-47d5-aba4-038fb2bb3875,"['8c79f90f', '8c79f90f', '8c79f90f', '8c79f90f', '8c79f90f', '8c79f90f', '8c79f90f']"
b472e5f6-06db-44e9-8241-217dc51e42a5,"['8c79f90f', '8c79f90f', '8c79f90f', '8c79f90f', '8c79f90f', '8c79f90f', '8c79f90f', '8c79f90f', '8c79f90f', '8c79f90f', '8c79f90f', '8c79f90f', '8c79f90f', '8c79f90f', '8c79f90f', '8c79f90f', '8c79f90f', '8c79f90f', '8c79f90f', '8c79f90f']"
520f3042-3f15-4764-a235-10f60cd8a331,"['8c79f90f', '8c79f90f', '8c79f90f', '8c79f90f', '8c79f90f', '8c79f90f', '8c79f90f', '8c79f90f', '8c79f90f', '8c79f90f', '8c79f90f', '8c79f90f', '8c79f90f', '8c79f90f', '8c79f90f', '8c79f90f', '8c79f90f', '8c79f90f', '8c79f90f', '8c79f90f']"
1dbdb937-fa7a-4ae1-8b14-630d07494cf3,"['8c79f90f', '8c79f90f', '8c79f90f', '8c79f90f', '8c79f90f', '8c79f90f', '8c79f90f', '8c79f90f', '8c79f90f', '8c79f90f', '8c79f90f', '8c79f90f', '8c79f90f', '8c79f90f', '8c79f90f', '8c79f90f', '8c79f90f', '8c79f90f', '8c79f90f', '8c79f90f']"
fa1a238d-273e-49a0-aac4-7c68d5319766,"['8c79f90f', '8c79f90f', '8c79f90f', '8c79f90f', '8c79f90f', '8c79f90f', '8c79f90f', '8c79f90f', '8c79f90f', '8c79f90f', '8c79f90f', '8c79f90f', '8c79f90f', '8c79f90f', '8c79f90f', '8c79f90f', '8c79f90f', '8c79f90f', '8c79f90f', '8c79f90f']"
233a0510-11f7-4f45-b492-cdf56070b7ab,"['8c79f90f', '8c79f90f', '8c79f90f', '8c79f90f', '8c79f90f', '8c79f90f', '8c79f90f', '8c79f90f', '8c79f90f', '8c79f90f', '8c79f90f', '8c79f90f', '8c79f90f', '8c79f90f', '8c79f90f', '8c79f90f']"
1fdd0fa5-369a-46f6-b406-c608885e53dd,"['8c79f90f', '8c79f90f', '8c79f90f', '8c79f90f', '8c79f90f', '8c79f90f', '8c79f90f', '8c79f90f', '8c79f90f', '8c79f90f', '8c79f90f', '8c79f90f', '8c79f90f', '8c79f90f', '8c79f90f', '8c79f90f', '8c79f90f', '8c79f90f', '8c79f90f', '8c79f90f', '8c79f90f', '8c79f90f', '8c79f90f', '8c79f90f', '8c79f90f']"
fbc2534e-9796-49e2-b4aa-b864cf61e687,"['8c79f90f', '8c79f90f', '8c79f90f', '8c79f90f', '8c79f90f', '8c79f90f', '8c79f90f', '8c79f90f', '8c79f90f', '8c79f90f', '8c79f90f', '8c79f90f', '8c79f90f', '8c79f90f', '8c79f90f', '8c79f90f', '8c79f90f', '8c79f90f', '8c79f90f', '8c79f90f', '8c79f90f', '8c79f90f', '8c79f90f', '8c79f90f', '8c79f90f', '8c79f90f', '8c79f90f', '8c79f90f', '8c79f90f', '8c79f90f', '8c79f90f', '8c79f90f', '8c79f90f', '8c79f90f', '8c79f90f', '8c79f90f', '8c79f90f', '8c79f90f', '8c79f90f', '8c79f90f', '8c79f90f', '8c79f90f']"
2f270ccc-23bf-4875-92b5-e3a8f4f9b2af,"['8c79f90f', '8c79f90f', '8c79f90f', '8c79f90f', '8c79f90f', '8c79f90f', '8c79f90f', '8c79f90f', '8c79f90f', '8c79f90f', '8c79f90f', '8c79f90f', '8c79f90f', '8c79f90f', '8c79f90f', '8c79f90f', '8c79f90f', '8c79f90f', '8c79f90f', '8c79f90f', '8c79f90f', '8c79f90f', '8c79f90f', '8c79f90f', '8c79f90f', '8c79f90f', '8c79f90f', '8c79f90f', '8c79f90f', '8c79f90f', '8c79f90f', '8c79f90f', '8c79f90f', '8c79f90f', '8c79f90f', '8c79f90f', '8c79f90f', '8c79f90f', '8c79f90f']"
7053f215-e2f8-4d29-8a9e-bd5796cda8b9,"['8c79f90f', '8c79f90f', '8c79f90f', '8c79f90f', '8c79f90f', '8c79f90f', '8c79f90f']"
21cb13e5-afba-4c1d-b3c9-9aabf05f458c,"['8c79f90f', '8c79f90f', '8c79f90f', '8c79f90f', '8c79f90f', '8c79f90f', '8c79f90f', '8c79f90f', '8c79f90f', '8c79f90f', '8c79f90f', '8c79f90f', '8c79f90f', '8c79f90f', '8c79f90f', '8c79f90f', '8c79f90f', '8c79f90f', '8c79f90f', '8c79f90f', '8c79f90f', '8c79f90f', '8c79f90f', '8c79f90f', '8c79f90f', '8c79f90f', '8c79f90f', '8c79f90f', '8c79f90f', '8c79f90f', '8c79f90f', '8c79f90f', '8c79f90f', '8c79f90f', '8c79f90f', '8c79f90f', '8c79f90f', '8c79f90f', '8c79f90f']"
acead46d-6a29-403f-ae62-0c1eb63bd648,"['8c79f90f', '8c79f90f', '8c79f90f', '8c79f90f', '8c79f90f', '8c79f90f', '8c79f90f', '8c79f90f', '8c79f90f', '8c79f90f', '8c79f90f', '8c79f90f', '8c79f90f', '8c79f90f', '8c79f90f', '8c79f90f', '8c79f90f', '8c79f90f', '8c79f90f', '8c79f90f', '8c79f90f', '8c79f90f', '8c79f90f', '8c79f90f', '8c79f90f']"
cda45592-1208-43fd-9ded-91bd96be7d0a,"['8c79f90f', '8c79f90f', '8c79f90f', '8c79f90f', '8c79f90f', '8c79f90f', '8c79f90f', '8c79f90f', '8c79f90f']"
e2c6c2cf-e75e-404a-af52-b41234eec90e,"['8c79f90f', '8c79f90f', '8c79f90f', '8c79f90f', '8c79f90f', '8c79f90f', '8c79f90f', '8c79f90f', '8c79f90f', '8c79f90f', '8c79f90f', '8c79f90f', '8c79f90f', '8c79f90f', '8c79f90f', '8c79f90f', '8c79f90f', '8c79f90f', '8c79f90f', '8c79f90f', '8c79f90f', '8c79f90f', '8c79f90f', '8c79f90f', '8c79f90f', '8c79f90f', '8c79f90f', '8c79f90f', '8c79f90f', '8c79f90f', '8c79f90f', '8c79f90f', '8c79f90f', '8c79f90f', '8c79f90f', '8c79f90f', '8c79f90f', '8c79f90f', '8c79f90f', '8c79f90f', '8c79f90f', '8c79f90f']"
07eef2f7-8bfa-491f-9d17-d34b2ee11d84,"['8c79f90f', '8c79f90f', '8c79f90f', '8c79f90f', '8c79f90f', '8c79f90f', '8c79f90f', '8c79f90f', '8c79f90f', '8c79f90f', '8c79f90f', '8c79f90f', '8c79f90f', '8c79f90f', '8c79f90f', '8c79f90f', '8c79f90f', '8c79f90f', '8c79f90f', '8c79f90f', '8c79f90f', '8c79f90f', '8c79f90f', '8c79f90f', '8c79f90f', '8c79f90f', '8c79f90f', '8c79f90f', '8c79f90f', '8c79f90f', '8c79f90f', '8c79f90f', '8c79f90f', '8c79f90f', '8c79f90f', '8c79f90f', '8c79f90f', '8c79f90f', '8c79f90f', '8c79f90f', '8c79f90f', '8c79f90f', '8c79f90f', '8c79f90f', '8c79f90f', '8c79f90f', '8c79f90f', '8c79f90f', '8c79f90f', '8c79f90f', '8c79f90f', '8c79f90f', '8c79f90f', '8c79f90f', '8c79f90f', '8c79f90f', '8c79f90f', '8c79f90f', '8c79f90f', '8c79f90f', '8c79f90f', '8c79f90f', '8c79f90f', '8c79f90f', '8c79f90f', '8c79f90f', '8c79f90f', '8c79f90f', '8c79f90f', '8c79f90f', '8c79f90f', '8c79f90f', '8c79f90f', '8c79f90f', '8c79f90f', '8c79f90f', '8c79f90f', '8c79f90f', '8c79f90f', '8c79f90f', '8c79f90f', '8c79f90f', '8c79f90f', '8c79f90f', '8c79f90f', '8c79f90f', '8c79f90f', '8c79f90f', '8c79f90f', '8c79f90f', '8c79f90f', '8c79f90f', '8c79f90f', '8c79f90f', '8c79f90f', '8c79f90f', '8c79f90f', '8c79f90f', '8c79f90f', '8c79f90f', '8c79f90f', '8c79f90f', '8c79f90f', '8c79f90f', '8c79f90f', '8c79f90f', '8c79f90f', '8c79f90f', '8c79f90f', '8c79f90f', '8c79f90f', '8c79f90f', '8c79f90f', '8c79f90f', '8c79f90f', '8c79f90f', '8c79f90f', '8c79f90f', '8c79f90f', '8c79f90f', '8c79f90f', '8c79f90f', '8c79f90f', '8c79f90f', '8c79f90f', '8c79f90f', '8c79f90f', '8c79f90f', '8c79f90f', '8c79f90f', '8c79f90f', '8c79f90f', '8c79f90f', '8c79f90f', '8c79f90f', '8c79f90f', '8c79f90f', '8c79f90f', '8c79f90f', '8c79f90f', '8c79f90f', '8c79f90f', '8c79f90f', '8c79f90f', '8c79f90f', '8c79f90f', '8c79f90f', '8c79f90f', '8c79f90f', '8c79f90f', '8c79f90f', '8c79f90f', '8c79f90f', '8c79f90f', '8c79f90f', '8c79f90f', '8c79f90f', '8c79f90f', '8c79f90f', '8c79f90f', '8c79f90f', '8c79f90f', '8c79f90f', '8c79f90f', '8c79f90f', '8c79f90f', '8c79f90f', '8c79f90f', '8c79f90f', '8c79f90f', '8c79f90f', '8c79f90f', '8c79f90f', '8c79f90f', '8c79f90f', '8c79f90f', '8c79f90f', '8c79f90f', '8c79f90f', '8c79f90f', '8c79f90f', '8c79f90f', '8c79f90f', '8c79f90f', '8c79f90f', '8c79f90f', '8c79f90f', '8c79f90f', '8c79f90f', '8c79f90f', '8c79f90f', '8c79f90f', '8c79f90f', '8c79f90f', '8c79f90f', '8c79f90f', '8c79f90f', '8c79f90f', '8c79f90f', '8c79f90f', '8c79f90f']"
51de422d-16ad-4e7c-833e-50fd46c9ed52,"['8c79f90f', '8c79f90f', '8c79f90f', '8c79f90f', '8c79f90f', '8c79f90f']"
d03d7d91-3a2e-4451-95bb-c2f480b1e297,"['8c79f90f', '8c79f90f', '8c79f90f', '8c79f90f', '8c79f90f', '8c79f90f', '8c79f90f', '8c79f90f', '8c79f90f', '8c79f90f', '8c79f90f', '8c79f90f', '8c79f90f', '8c79f90f']"
1cffcbc3-39fc-464d-8e5b-197eefb4b38b,"['8c79f90f', '8c79f90f', '8c79f90f', '8c79f90f', '8c79f90f', '8c79f90f', '8c79f90f', '8c79f90f', '8c79f90f', '8c79f90f', '8c79f90f', '8c79f90f', '8c79f90f', '8c79f90f', '8c79f90f', '8c79f90f', '8c79f90f', '8c79f90f', '8c79f90f', '8c79f90f', '8c79f90f', '8c79f90f', '8c79f90f', '8c79f90f', '8c79f90f']"
bcb8887a-cc06-4c96-a60a-e4b60345f5d0,"['8c79f90f', '8c79f90f', '8c79f90f', '8c79f90f', '8c79f90f', '8c79f90f', '8c79f90f', '8c79f90f', '8c79f90f', '8c79f90f', '8c79f90f', '8c79f90f', '8c79f90f', '8c79f90f', '8c79f90f', '8c79f90f', '8c79f90f', '8c79f90f', '8c79f90f', '8c79f90f', '8c79f90f', '8c79f90f', '8c79f90f', '8c79f90f', '8c79f90f', '8c79f90f', '8c79f90f', '8c79f90f', '8c79f90f', '8c79f90f', '8c79f90f', '8c79f90f', '8c79f90f', '8c79f90f', '8c79f90f', '8c79f90f', '8c79f90f', '8c79f90f', '8c79f90f', '8c79f90f', '8c79f90f', '8c79f90f', '8c79f90f', '8c79f90f', '8c79f90f', '8c79f90f', '8c79f90f', '8c79f90f', '8c79f90f', '8c79f90f', '8c79f90f', '8c79f90f', '8c79f90f', '8c79f90f', '8c79f90f', '8c79f90f']"
286804e6-058a-4124-a236-a2f2184a19c6,"['8c79f90f', '8c79f90f', '8c79f90f', '8c79f90f', '8c79f90f', '8c79f90f', '8c79f90f', '8c79f90f', '8c79f90f']"
3358e527-f4f7-493b-b554-7bec34f1104f,"['8c79f90f', '8c79f90f', '8c79f90f', '8c79f90f', '8c79f90f', '8c79f90f']"
40577e91-012f-484b-a7a2-e4f3581720ee,"['8c79f90f', '8c79f90f', '8c79f90f', '8c79f90f', '8c79f90f', '8c79f90f', '8c79f90f', '8c79f90f', '8c79f90f', '8c79f90f', '8c79f90f', '8c79f90f', '8c79f90f', '8c79f90f']"
75742728-d29c-4ead-9332-bdf8fedae55e,"['8c79f90f', '8c79f90f', '8c79f90f', '8c79f90f', '8c79f90f', '8c79f90f', '8c79f90f', '8c79f90f', '8c79f90f', '8c79f90f', '8c79f90f', '8c79f90f', '8c79f90f', '8c79f90f']"
82324956-432b-4c3d-99eb-40a462848000,"['8c79f90f', '8c79f90f', '8c79f90f', '8c79f90f', '8c79f90f', '8c79f90f']"
d824d1a8-9337-4e82-9d99-4256bf8bb221,"['8c79f90f', '8c79f90f', '8c79f90f', '8c79f90f', '8c79f90f', '8c79f90f', '8c79f90f', '8c79f90f', '8c79f90f', '8c79f90f', '8c79f90f', '8c79f90f', '8c79f90f']"
935d3c1f-0983-45d9-9e90-b4d07b25ca62,"['8c79f90f', '8c79f90f', '8c79f90f', '8c79f90f', '8c79f90f', '8c79f90f', '8c79f90f', '8c79f90f', '8c79f90f', '8c79f90f', '8c79f90f', '8c79f90f', '8c79f90f']"
0bb1a6a4-d9ca-42b7-90b5-7dff941b0048,"['8c79f90f', '8c79f90f', '8c79f90f', '8c79f90f', '8c79f90f', '8c79f90f', '8c79f90f']"
b6fe457d-e51c-4a82-8401-b36124b13b4c,"['8c79f90f', '8c79f90f', '8c79f90f', '8c79f90f', '8c79f90f', '8c79f90f', '8c79f90f', '8c79f90f', '8c79f90f', '8c79f90f', '8c79f90f', '8c79f90f', '8c79f90f']"
473402b3-287a-4dc4-afb2-50140a22cd4b,"['8c79f90f', '8c79f90f', '8c79f90f', '8c79f90f', '8c79f90f', '8c79f90f', '8c79f90f']"
